<configuration>
    <authentication-client xmlns="urn:elytron:1.0">
        <authentication-rules>
            <rule use-configuration="default"/>
        </authentication-rules>
        <authentication-configurations>
            <configuration name="default">
                <set-user-name name="bwilson"/>
                <!--<set-user-name name="jbrown" />-->
                <credentials>
                    <clear-password password="q1w2e3r4!"/>
                </credentials>
            </configuration>
        </authentication-configurations>
    </authentication-client>
    <jboss-ejb-client xmlns="urn:jboss:wildfly-client-ejb:3.0">
        <connections>
            <connection uri="remote+http://localhost:8080" />
        </connections>
    </jboss-ejb-client>
</configuration>